{
  "apps": [
    {
      "Version": "25.00",
      "Info": "",
      "Updated": "2025-07-10T20:20:15.1636807+10:00",
      "Source": "main",
      "Name": "7zip"
    },
    {
      "Version": "0.2.79",
      "Info": "",
      "Updated": "2025-07-03T01:02:52.1164463+10:00",
      "Source": "main",
      "Name": "act"
    },
    {
      "Version": "0.25.0",
      "Info": "",
      "Updated": "2025-01-08T20:43:31.9668729+11:00",
      "Source": "main",
      "Name": "bat"
    },
    {
      "Version": "1.47.0",
      "Info": "",
      "Updated": "2025-06-29T16:20:03.6921748+10:00",
      "Source": "main",
      "Name": "broot"
    },
    {
      "Version": "1.0.4",
      "Info": "",
      "Updated": "2023-10-29T02:33:37.9063688+11:00",
      "Source": "main",
      "Name": "btop"
    },
    {
      "Version": "1.2.18",
      "Info": "",
      "Updated": "2025-07-04T20:54:47.5558363+10:00",
      "Source": "main",
      "Name": "bun"
    },
    {
      "Version": "2025-05-20",
      "Info": "",
      "Updated": "2025-05-21T00:08:39.1535697+10:00",
      "Source": "main",
      "Name": "cacert"
    },
    {
      "Version": "1.3.3",
      "Info": "",
      "Updated": "2025-06-22T15:52:15.0287633+10:00",
      "Source": "extras",
      "Name": "carapace-bin"
    },
    {
      "Version": "4.11.3",
      "Info": "",
      "Updated": "2025-05-04T00:16:10.1001737+10:00",
      "Source": "main",
      "Name": "ccache"
    },
    {
      "Version": "1.7.20",
      "Info": "",
      "Updated": "2025-06-09T12:19:28.9084371+10:00",
      "Source": "main",
      "Name": "clink"
    },
    {
      "Version": "2.17.1",
      "Info": "",
      "Updated": "2025-06-13T07:16:19.4044303+10:00",
      "Source": "main",
      "Name": "cppcheck"
    },
    {
      "Version": "5.8",
      "Info": "",
      "Updated": "2023-10-29T02:34:16.3248369+11:00",
      "Source": "main",
      "Name": "ctags"
    },
    {
      "Version": "3.14.1",
      "Info": "",
      "Updated": "2025-04-18T18:23:48.7992896+10:00",
      "Source": "main",
      "Name": "dark"
    },
    {
      "Version": "2.27.0",
      "Info": "",
      "Updated": "2025-04-30T18:03:30.2625526+10:00",
      "Source": "main",
      "Name": "dbmate"
    },
    {
      "Version": "0.18.2",
      "Info": "",
      "Updated": "2024-09-13T17:14:14.9479911+10:00",
      "Source": "main",
      "Name": "delta"
    },
    {
      "Version": "2.4.1",
      "Info": "",
      "Updated": "2025-07-10T20:20:19.1500269+10:00",
      "Source": "main",
      "Name": "deno"
    },
    {
      "Version": "0.64.0",
      "Info": "",
      "Updated": "2025-06-18T02:40:52.0223405+10:00",
      "Source": "main",
      "Name": "difftastic"
    },
    {
      "Version": "2.36.0",
      "Info": "",
      "Updated": "2025-04-14T15:32:43.6426386+10:00",
      "Source": "main",
      "Name": "direnv"
    },
    {
      "Version": "9.0.302",
      "Info": "",
      "Updated": "2025-07-10T20:20:34.4532544+10:00",
      "Source": "main",
      "Name": "dotnet-sdk"
    },
    {
      "Version": "0.8.1",
      "Info": "",
      "Updated": "2025-05-14T11:14:26.5559452+10:00",
      "Source": "main",
      "Name": "duf"
    },
    {
      "Version": "1.2.2",
      "Info": "",
      "Updated": "2025-07-10T20:20:35.9591561+10:00",
      "Source": "main",
      "Name": "dust"
    },
    {
      "Version": "28.0.1",
      "Info": "",
      "Updated": "2025-06-18T02:41:07.9018915+10:00",
      "Source": "main",
      "Name": "erlang"
    },
    {
      "Version": "0.22.0",
      "Info": "",
      "Updated": "2025-07-04T20:54:49.8753815+10:00",
      "Source": "main",
      "Name": "eza"
    },
    {
      "Version": "2.47.0",
      "Info": "",
      "Updated": "2025-07-04T20:54:52.270691+10:00",
      "Source": "main",
      "Name": "fastfetch"
    },
    {
      "Version": "10.2.0",
      "Info": "",
      "Updated": "2024-08-23T22:37:07.1841428+10:00",
      "Source": "main",
      "Name": "fd"
    },
    {
      "Version": "0.3.153",
      "Info": "",
      "Updated": "2025-07-10T20:20:38.9799137+10:00",
      "Source": "main",
      "Name": "flyctl"
    },
    {
      "Version": "0.15.0",
      "Info": "",
      "Updated": "2025-06-18T13:55:58.9255335+10:00",
      "Source": "main",
      "Name": "fq"
    },
    {
      "Version": "0.64.0",
      "Info": "",
      "Updated": "2025-07-10T20:20:40.4561159+10:00",
      "Source": "main",
      "Name": "fzf"
    },
    {
      "Version": "2.75.0",
      "Info": "",
      "Updated": "2025-07-10T20:20:42.8018412+10:00",
      "Source": "main",
      "Name": "gh"
    },
    {
      "Version": "0.1.50.2",
      "Info": "",
      "Updated": "2025-06-12T23:18:05.356499+10:00",
      "Source": "main",
      "Name": "ghcup"
    },
    {
      "Version": "10.05.1",
      "Info": "",
      "Updated": "2025-04-30T18:03:56.7162895+10:00",
      "Source": "main",
      "Name": "ghostscript"
    },
    {
      "Version": "0.10.0",
      "Info": "",
      "Updated": "2025-07-03T16:58:39.3905813+10:00",
      "Source": "main",
      "Name": "git-branchless"
    },
    {
      "Version": "1.24.2",
      "Info": "",
      "Updated": "2025-06-22T15:52:25.805405+10:00",
      "Source": "main",
      "Name": "gitea"
    },
    {
      "Version": "0.34.0",
      "Info": "",
      "Updated": "2025-06-29T16:20:11.5570232+10:00",
      "Source": "extras",
      "Name": "gitu"
    },
    {
      "Version": "0.27.0",
      "Info": "",
      "Updated": "2025-01-16T22:10:04.0924671+11:00",
      "Source": "main",
      "Name": "gitui"
    },
    {
      "Version": "1.11.1",
      "Info": "",
      "Updated": "2025-06-06T14:27:40.5598958+10:00",
      "Source": "main",
      "Name": "gleam"
    },
    {
      "Version": "3.4",
      "Info": "",
      "Updated": "2025-03-10T12:26:16.170539+11:00",
      "Source": "main",
      "Name": "glfw"
    },
    {
      "Version": "2.1.1",
      "Info": "",
      "Updated": "2025-05-31T22:02:59.4861043+10:00",
      "Source": "main",
      "Name": "glow"
    },
    {
      "Version": "1.24.5",
      "Info": "",
      "Updated": "2025-07-10T20:21:05.224638+10:00",
      "Source": "main",
      "Name": "go"
    },
    {
      "Version": "2.4.8",
      "Info": "",
      "Updated": "2025-05-17T12:43:51.4077219+10:00",
      "Source": "main",
      "Name": "gpg"
    },
    {
      "Version": "1.4.5",
      "Info": "",
      "Updated": "2024-09-26T23:13:52.1240277+10:00",
      "Source": "main",
      "Name": "grex"
    },
    {
      "Version": "2.6.0",
      "Info": "",
      "Updated": "2025-02-28T17:35:12.4153313+11:00",
      "Source": "main",
      "Name": "gsudo"
    },
    {
      "Version": "0.16.0",
      "Info": "",
      "Updated": "2024-12-30T01:13:01.501954+11:00",
      "Source": "main",
      "Name": "hexyl"
    },
    {
      "Version": "1.19.0",
      "Info": "",
      "Updated": "2025-03-04T11:09:27.2188492+11:00",
      "Source": "main",
      "Name": "hyperfine"
    },
    {
      "Version": "7.1.1-47",
      "Info": "",
      "Updated": "2025-03-30T19:18:23.6039671+11:00",
      "Source": "main",
      "Name": "imagemagick"
    },
    {
      "Version": "2.64.5",
      "Info": "",
      "Updated": "2025-06-22T15:52:26.2157581+10:00",
      "Source": "main",
      "Name": "innounp"
    },
    {
      "Version": "0.31.0",
      "Info": "",
      "Updated": "2025-07-03T01:03:00.7782918+10:00",
      "Source": "main",
      "Name": "jj"
    },
    {
      "Version": "1.8.1",
      "Info": "",
      "Updated": "2025-07-03T01:03:01.9716747+10:00",
      "Source": "main",
      "Name": "jq"
    },
    {
      "Version": "1.41.0",
      "Info": "",
      "Updated": "2025-07-03T01:03:03.4299495+10:00",
      "Source": "main",
      "Name": "just"
    },
    {
      "Version": "0.76.1.13",
      "Info": "",
      "Updated": "2023-10-29T02:33:40.0746321+11:00",
      "Source": "extras",
      "Name": "kitty"
    },
    {
      "Version": "0.24.1",
      "Info": "",
      "Updated": "2024-11-24T14:53:08.0809595+11:00",
      "Source": "main",
      "Name": "lazydocker"
    },
    {
      "Version": "0.53.0",
      "Info": "",
      "Updated": "2025-07-10T20:21:06.8264414+10:00",
      "Source": "extras",
      "Name": "lazygit"
    },
    {
      "Version": "679",
      "Info": "",
      "Updated": "2025-06-22T15:52:27.6525505+10:00",
      "Source": "main",
      "Name": "less"
    },
    {
      "Version": "25.2.4",
      "Info": "",
      "Updated": "2025-06-09T12:21:03.250857+10:00",
      "Source": "extras",
      "Name": "libreoffice"
    },
    {
      "Version": "5.4.7-2",
      "Info": "",
      "Updated": "2024-07-26T21:16:34.6500713+10:00",
      "Source": "main",
      "Name": "lua"
    },
    {
      "Version": "3.15.0",
      "Info": "",
      "Updated": "2025-06-26T11:31:16.7356811+10:00",
      "Source": "main",
      "Name": "lua-language-server"
    },
    {
      "Version": "3.12.2",
      "Info": "",
      "Updated": "2025-06-29T16:20:15.0444933+10:00",
      "Source": "main",
      "Name": "luarocks"
    },
    {
      "Version": "0.12.0",
      "Info": "",
      "Updated": "2025-07-10T20:21:09.8067946+10:00",
      "Source": "main",
      "Name": "Mergiraf"
    },
    {
      "Version": "1.8.2",
      "Info": "",
      "Updated": "2025-06-12T19:25:00.7736625+10:00",
      "Source": "main",
      "Name": "meson"
    },
    {
      "Version": "2.0.14",
      "Info": "",
      "Updated": "2024-10-30T23:09:33.0002203+11:00",
      "Source": "main",
      "Name": "micro"
    },
    {
      "Version": "6.14.0",
      "Info": "",
      "Updated": "2025-07-10T20:21:10.8629211+10:00",
      "Source": "main",
      "Name": "miller"
    },
    {
      "Version": "14.2.0-19.1.1-12.0.0-r2",
      "Info": "",
      "Updated": "2024-10-22T21:52:17.5801916+11:00",
      "Source": "versions",
      "Name": "mingw-winlibs-llvm-ucrt"
    },
    {
      "Version": "2025.7.3",
      "Info": "",
      "Updated": "2025-07-10T20:21:13.6042856+10:00",
      "Source": "main",
      "Name": "mise"
    },
    {
      "Version": "2025-06-22",
      "Info": "",
      "Updated": "2025-06-23T20:04:41.1627528+10:00",
      "Source": "main",
      "Name": "msys2"
    },
    {
      "Version": "7.1.0",
      "Info": "",
      "Updated": "2024-01-31T01:04:17.5669972+11:00",
      "Source": "main",
      "Name": "neofetch"
    },
    {
      "Version": "0.15.0",
      "Info": "",
      "Updated": "2025-04-03T15:38:41.0086585+11:00",
      "Source": "extras",
      "Name": "neovide"
    },
    {
      "Version": "0.11.2",
      "Info": "",
      "Updated": "2025-05-31T22:03:03.0642761+10:00",
      "Source": "main",
      "Name": "neovim"
    },
    {
      "Version": "24.4.0",
      "Info": "",
      "Updated": "2025-07-10T20:21:19.7153616+10:00",
      "Source": "main",
      "Name": "nodejs"
    },
    {
      "Version": "8.8.3",
      "Info": "",
      "Updated": "2025-07-10T20:21:21.4606012+10:00",
      "Source": "extras",
      "Name": "notepadplusplus"
    },
    {
      "Version": "0.105.1",
      "Info": "",
      "Updated": "2025-06-11T16:35:55.4280223+10:00",
      "Source": "main",
      "Name": "nu"
    },
    {
      "Version": "6.14.0",
      "Info": "",
      "Updated": "2025-05-18T18:09:25.7147099+10:00",
      "Source": "main",
      "Name": "nuget"
    },
    {
      "Version": "2025-07",
      "Info": "",
      "Updated": "2025-07-10T20:21:30.1970159+10:00",
      "Source": "versions",
      "Name": "odin"
    },
    {
      "Version": "9.8.3.0p2",
      "Info": "",
      "Updated": "2025-04-19T17:35:22.3031909+10:00",
      "Source": "main",
      "Name": "openssh"
    },
    {
      "Version": "3.5.1",
      "Info": "",
      "Updated": "2025-07-03T01:04:04.7219685+10:00",
      "Source": "main",
      "Name": "openssl"
    },
    {
      "Version": "0.42.1",
      "Info": "",
      "Updated": "2025-07-03T01:04:06.4991139+10:00",
      "Source": "main",
      "Name": "ov"
    },
    {
      "Version": "3.7.0.2",
      "Info": "",
      "Updated": "2025-05-30T08:26:22.9270898+10:00",
      "Source": "main",
      "Name": "pandoc"
    },
    {
      "Version": "0.26-1",
      "Info": "",
      "Updated": "2025-02-24T04:33:31.5027029+11:00",
      "Source": "main",
      "Name": "pkg-config"
    },
    {
      "Version": "24.08.0-0",
      "Info": "",
      "Updated": "2024-10-07T23:09:23.7211598+11:00",
      "Source": "main",
      "Name": "poppler"
    },
    {
      "Version": "16.1",
      "Info": "",
      "Updated": "2025-07-10T20:21:33.4213334+10:00",
      "Source": "main",
      "Name": "prince"
    },
    {
      "Version": "2.6.10",
      "Info": "",
      "Updated": "2025-06-18T02:41:13.1794373+10:00",
      "Source": "extras",
      "Name": "psfzf"
    },
    {
      "Version": "3.13.5",
      "Info": "",
      "Updated": "2025-06-13T07:34:34.4787374+10:00",
      "Source": "main",
      "Name": "python"
    },
    {
      "Version": "3.10.11",
      "Info": "",
      "Updated": "2023-12-27T04:02:04.4638254+11:00",
      "Source": "versions",
      "Name": "python310"
    },
    {
      "Version": "3.11.9",
      "Info": "",
      "Updated": "2024-04-03T22:12:51.662719+11:00",
      "Source": "versions",
      "Name": "python311"
    },
    {
      "Version": "3.5.1",
      "Info": "",
      "Updated": "2025-06-09T12:21:23.9680741+10:00",
      "Source": "extras",
      "Name": "qutebrowser"
    },
    {
      "Version": "14.1.1",
      "Info": "",
      "Updated": "2024-09-09T21:24:05.2959778+10:00",
      "Source": "main",
      "Name": "ripgrep"
    },
    {
      "Version": "0.10.0",
      "Info": "",
      "Updated": "2025-02-25T11:06:39.9439088+11:00",
      "Source": "main",
      "Name": "sccache"
    },
    {
      "Version": "1.0.0",
      "Info": "",
      "Updated": "2025-05-28T14:50:50.8811373+10:00",
      "Source": "main",
      "Name": "sd"
    },
    {
      "Version": "2.32.8",
      "Info": "",
      "Updated": "2025-06-03T17:56:51.9229868+10:00",
      "Source": "extras",
      "Name": "sdl2"
    },
    {
      "Version": "2.24.0",
      "Info": "",
      "Updated": "2025-02-24T04:22:42.6067405+11:00",
      "Source": "extras",
      "Name": "sdl2-ttf"
    },
    {
      "Version": "4.9",
      "Info": "",
      "Updated": "2023-09-08T01:42:38.5134386+10:00",
      "Source": "main",
      "Name": "sed"
    },
    {
      "Version": "3.50.2",
      "Info": "",
      "Updated": "2025-06-29T16:20:20.5639454+10:00",
      "Source": "main",
      "Name": "sqlite"
    },
    {
      "Version": "1.23.0",
      "Info": "",
      "Updated": "2025-04-29T08:38:28.2092364+10:00",
      "Source": "main",
      "Name": "starship"
    },
    {
      "Version": "2.30.4",
      "Info": "",
      "Updated": "2025-07-03T01:04:08.4476958+10:00",
      "Source": "main",
      "Name": "supabase"
    },
    {
      "Version": "2.3.7",
      "Info": "",
      "Updated": "2025-07-10T20:21:35.8127624+10:00",
      "Source": "main",
      "Name": "surrealdb"
    },
    {
      "Version": "0.9.2",
      "Info": "",
      "Updated": "2025-06-05T18:53:30.1413216+10:00",
      "Source": "main",
      "Name": "tea"
    },
    {
      "Version": "1.7.2",
      "Info": "",
      "Updated": "2025-04-20T22:39:48.603409+10:00",
      "Source": "main",
      "Name": "tealdeer"
    },
    {
      "Version": "0.15.0",
      "Info": "",
      "Updated": "2025-04-23T13:47:06.7354055+10:00",
      "Source": "main",
      "Name": "tectonic"
    },
    {
      "Version": "0.12.1",
      "Info": "",
      "Updated": "2025-07-10T20:21:37.380678+10:00",
      "Source": "extras",
      "Name": "television"
    },
    {
      "Version": "12.1.2",
      "Info": "",
      "Updated": "2024-09-26T23:13:53.5299259+10:00",
      "Source": "main",
      "Name": "tokei"
    },
    {
      "Version": "0.25.6",
      "Info": "",
      "Updated": "2025-06-05T17:19:21.5778967+10:00",
      "Source": "main",
      "Name": "tree-sitter"
    },
    {
      "Version": "0.13.1",
      "Info": "",
      "Updated": "2025-04-23T13:54:09.7826701+10:00",
      "Source": "main",
      "Name": "typst"
    },
    {
      "Version": "6.1.0",
      "Info": "",
      "Updated": "2024-01-01T10:50:53.8672311+11:00",
      "Source": "extras",
      "Name": "universal-ctags"
    },
    {
      "Version": "1.0",
      "Info": "",
      "Updated": "2023-11-11T18:52:39.1540218+11:00",
      "Source": "main",
      "Name": "upm"
    },
    {
      "Version": "0.1.0",
      "Info": "",
      "Updated": "2025-07-04T15:05:40.4449824+10:00",
      "Source": "main",
      "Name": "uutils-coreutils"
    },
    {
      "Version": "14.44.35211.0",
      "Info": "",
      "Updated": "2025-07-10T20:21:52.1486317+10:00",
      "Source": "extras",
      "Name": "vcredist2022"
    },
    {
      "Version": "1.5.8",
      "Info": "",
      "Updated": "2025-07-10T20:22:03.274+10:00",
      "Source": "extras",
      "Name": "vesktop"
    },
    {
      "Version": "3.0.21",
      "Info": "",
      "Updated": "2024-10-27T14:37:52.7705666+11:00",
      "Source": "extras",
      "Name": "vlc"
    },
    {
      "Version": "20240203-110809-5046fc22",
      "Info": "",
      "Updated": "2024-10-22T22:40:12.892604+11:00",
      "Source": "extras",
      "Name": "wezterm"
    },
    {
      "Version": "nightly-20250609",
      "Info": "",
      "Updated": "2025-06-09T13:19:49.0656751+10:00",
      "Source": "versions",
      "Name": "wezterm-nightly"
    },
    {
      "Version": "1.21.4",
      "Info": "",
      "Updated": "2023-11-21T16:47:10.6266107+11:00",
      "Source": "main",
      "Name": "wget"
    },
    {
      "Version": "0.1.1",
      "Info": "",
      "Updated": "2024-05-10T21:36:48.2368438+10:00",
      "Source": "main",
      "Name": "win32yank"
    },
    {
      "Version": "1.6.1",
      "Info": "",
      "Updated": "2025-07-04T15:14:59.5101489+10:00",
      "Source": "extras",
      "Name": "windhawk"
    },
    {
      "Version": "0.12.6-1",
      "Info": "",
      "Updated": "2025-04-26T23:05:57.8622174+10:00",
      "Source": "main",
      "Name": "wkhtmltopdf"
    },
    {
      "Version": "0.13.0",
      "Info": "",
      "Updated": "2024-09-26T23:13:50.6228243+10:00",
      "Source": "main",
      "Name": "xsv"
    },
    {
      "Version": "ec90f26",
      "Info": "",
      "Updated": "2025-06-18T02:41:19.2701047+10:00",
      "Source": "versions",
      "Name": "yazi-nightly"
    },
    {
      "Version": "2025-08-04",
      "Info": "",
      "Updated": "2025-04-09T02:01:07.3850409+10:00",
      "Source": "versions",
      "Name": "zed-nightly"
    },
    {
      "Version": "0.14.1",
      "Info": "",
      "Updated": "2025-05-26T20:08:46.2163926+10:00",
      "Source": "main",
      "Name": "zig"
    },
    {
      "Version": "0.14.0",
      "Info": "",
      "Updated": "2025-04-10T13:32:02.2497929+10:00",
      "Source": "main",
      "Name": "zls"
    },
    {
      "Version": "0.9.8",
      "Info": "",
      "Updated": "2025-05-28T11:08:21.7672058+10:00",
      "Source": "main",
      "Name": "zoxide"
    }
  ],
  "buckets": [
    {
      "Name": "main",
      "Source": "https://github.com/ScoopInstaller/Main.git",
      "Updated": "2025-07-11T02:31:00+10:00",
      "Manifests": 1396
    },
    {
      "Name": "extras",
      "Source": "https://github.com/ScoopInstaller/Extras",
      "Updated": "2025-07-11T02:30:17+10:00",
      "Manifests": 2169
    },
    {
      "Name": "versions",
      "Source": "https://github.com/ScoopInstaller/Versions",
      "Updated": "2025-07-11T02:49:12+10:00",
      "Manifests": 510
    },
    {
      "Name": "sysinternals",
      "Source": "https://github.com/niheaven/scoop-sysinternals",
      "Updated": "2025-05-06T12:16:49+10:00",
      "Manifests": 75
    }
  ]
}