{
  "apps": [
    {
      "Updated": "2024-12-01T12:57:19.5874061+11:00",
      "Version": "24.09",
      "Name": "7zip",
      "Info": "",
      "Source": "main"
    },
    {
      "Updated": "2025-06-02T16:14:41.7776973+10:00",
      "Version": "0.2.78",
      "Name": "act",
      "Info": "",
      "Source": "main"
    },
    {
      "Updated": "2025-01-08T20:43:31.9668729+11:00",
      "Version": "0.25.0",
      "Name": "bat",
      "Info": "",
      "Source": "main"
    },
    {
      "Updated": "2025-05-31T22:02:51.4946346+10:00",
      "Version": "1.46.5",
      "Name": "broot",
      "Info": "",
      "Source": "main"
    },
    {
      "Updated": "2023-10-29T02:33:37.9063688+11:00",
      "Version": "1.0.4",
      "Name": "btop",
      "Info": "",
      "Source": "main"
    },
    {
      "Updated": "2025-05-30T08:26:11.4743437+10:00",
      "Version": "1.2.15",
      "Name": "bun",
      "Info": "",
      "Source": "main"
    },
    {
      "Updated": "2025-05-21T00:08:39.1535697+10:00",
      "Version": "2025-05-20",
      "Name": "cacert",
      "Info": "",
      "Source": "main"
    },
    {
      "Updated": "2025-05-22T12:21:22.0581671+10:00",
      "Version": "1.3.2",
      "Name": "carapace-bin",
      "Info": "",
      "Source": "extras"
    },
    {
      "Updated": "2025-05-04T00:16:10.1001737+10:00",
      "Version": "4.11.3",
      "Name": "ccache",
      "Info": "",
      "Source": "main"
    },
    {
      "Updated": "2025-05-24T15:25:22.1233842+10:00",
      "Version": "1.7.19",
      "Name": "clink",
      "Info": "",
      "Source": "main"
    },
    {
      "Updated": "2023-10-29T02:34:16.3248369+11:00",
      "Version": "5.8",
      "Name": "ctags",
      "Info": "",
      "Source": "main"
    },
    {
      "Updated": "2025-04-18T18:23:48.7992896+10:00",
      "Version": "3.14.1",
      "Name": "dark",
      "Info": "",
      "Source": "main"
    },
    {
      "Updated": "2025-04-30T18:03:30.2625526+10:00",
      "Version": "2.27.0",
      "Name": "dbmate",
      "Info": "",
      "Source": "main"
    },
    {
      "Updated": "2024-09-13T17:14:14.9479911+10:00",
      "Version": "0.18.2",
      "Name": "delta",
      "Info": "",
      "Source": "main"
    },
    {
      "Updated": "2025-05-31T22:02:54.5638314+10:00",
      "Version": "2.3.5",
      "Name": "deno",
      "Info": "",
      "Source": "main"
    },
    {
      "Updated": "2025-02-12T21:04:30.6017748+11:00",
      "Version": "0.63.0",
      "Name": "difftastic",
      "Info": "",
      "Source": "main"
    },
    {
      "Updated": "2025-04-14T15:32:43.6426386+10:00",
      "Version": "2.36.0",
      "Name": "direnv",
      "Info": "",
      "Source": "main"
    },
    {
      "Updated": "2025-05-14T11:29:05.9513536+10:00",
      "Version": "9.0.300",
      "Name": "dotnet-sdk",
      "Info": "",
      "Source": "main"
    },
    {
      "Updated": "2025-05-14T11:14:26.5559452+10:00",
      "Version": "0.8.1",
      "Name": "duf",
      "Info": "",
      "Source": "main"
    },
    {
      "Updated": "2025-04-03T15:37:48.9079451+11:00",
      "Version": "1.2.0",
      "Name": "dust",
      "Info": "",
      "Source": "main"
    },
    {
      "Updated": "2025-05-24T15:25:43.827381+10:00",
      "Version": "28.0",
      "Name": "erlang",
      "Info": "",
      "Source": "main"
    },
    {
      "Updated": "2025-05-31T22:02:56.0362321+10:00",
      "Version": "0.21.4",
      "Name": "eza",
      "Info": "",
      "Source": "main"
    },
    {
      "Updated": "2025-05-24T15:25:45.8520035+10:00",
      "Version": "2.44.0",
      "Name": "fastfetch",
      "Info": "",
      "Source": "main"
    },
    {
      "Updated": "2024-08-23T22:37:07.1841428+10:00",
      "Version": "10.2.0",
      "Name": "fd",
      "Info": "",
      "Source": "main"
    },
    {
      "Updated": "2025-06-03T17:56:38.2384504+10:00",
      "Version": "0.3.137",
      "Name": "flyctl",
      "Info": "",
      "Source": "main"
    },
    {
      "Updated": "2025-05-05T16:30:21.8792241+10:00",
      "Version": "0.62.0",
      "Name": "fzf",
      "Info": "",
      "Source": "main"
    },
    {
      "Updated": "2025-05-31T22:02:57.921967+10:00",
      "Version": "2.74.0",
      "Name": "gh",
      "Info": "",
      "Source": "main"
    },
    {
      "Updated": "2025-04-30T18:03:56.7162895+10:00",
      "Version": "10.05.1",
      "Name": "ghostscript",
      "Info": "",
      "Source": "main"
    },
    {
      "Updated": "2025-01-16T22:10:04.0924671+11:00",
      "Version": "0.27.0",
      "Name": "gitui",
      "Info": "",
      "Source": "main"
    },
    {
      "Updated": "2025-06-03T17:56:39.8250867+10:00",
      "Version": "1.11.0",
      "Name": "gleam",
      "Info": "",
      "Source": "main"
    },
    {
      "Updated": "2025-03-10T12:26:16.170539+11:00",
      "Version": "3.4",
      "Name": "glfw",
      "Info": "",
      "Source": "main"
    },
    {
      "Updated": "2025-05-31T22:02:59.4861043+10:00",
      "Version": "2.1.1",
      "Name": "glow",
      "Info": "",
      "Source": "main"
    },
    {
      "Updated": "2025-05-07T08:20:48.0735902+10:00",
      "Version": "1.24.3",
      "Name": "go",
      "Info": "",
      "Source": "main"
    },
    {
      "Updated": "2025-05-17T12:43:51.4077219+10:00",
      "Version": "2.4.8",
      "Name": "gpg",
      "Info": "",
      "Source": "main"
    },
    {
      "Updated": "2024-09-26T23:13:52.1240277+10:00",
      "Version": "1.4.5",
      "Name": "grex",
      "Info": "",
      "Source": "main"
    },
    {
      "Updated": "2025-02-28T17:35:12.4153313+11:00",
      "Version": "2.6.0",
      "Name": "gsudo",
      "Info": "",
      "Source": "main"
    },
    {
      "Updated": "2024-12-30T01:13:01.501954+11:00",
      "Version": "0.16.0",
      "Name": "hexyl",
      "Info": "",
      "Source": "main"
    },
    {
      "Updated": "2025-03-04T11:09:27.2188492+11:00",
      "Version": "1.19.0",
      "Name": "hyperfine",
      "Info": "",
      "Source": "main"
    },
    {
      "Updated": "2025-03-30T19:18:23.6039671+11:00",
      "Version": "7.1.1-47",
      "Name": "imagemagick",
      "Info": "",
      "Source": "main"
    },
    {
      "Updated": "2025-05-07T08:20:49.5978001+10:00",
      "Version": "2.64.4",
      "Name": "innounp",
      "Info": "",
      "Source": "main"
    },
    {
      "Updated": "2025-05-08T14:18:12.4555577+10:00",
      "Version": "0.29.0",
      "Name": "jj",
      "Info": "",
      "Source": "main"
    },
    {
      "Updated": "2025-06-02T16:14:42.993674+10:00",
      "Version": "1.8.0",
      "Name": "jq",
      "Info": "",
      "Source": "main"
    },
    {
      "Updated": "2025-03-12T12:53:35.1920934+11:00",
      "Version": "1.40.0",
      "Name": "just",
      "Info": "",
      "Source": "main"
    },
    {
      "Updated": "2023-10-29T02:33:40.0746321+11:00",
      "Version": "0.76.1.13",
      "Name": "kitty",
      "Info": "",
      "Source": "extras"
    },
    {
      "Updated": "2024-11-24T14:53:08.0809595+11:00",
      "Version": "0.24.1",
      "Name": "lazydocker",
      "Info": "",
      "Source": "main"
    },
    {
      "Updated": "2025-05-24T15:25:47.8150434+10:00",
      "Version": "0.51.1",
      "Name": "lazygit",
      "Info": "",
      "Source": "extras"
    },
    {
      "Updated": "2025-05-18T18:09:23.3583602+10:00",
      "Version": "678",
      "Name": "less",
      "Info": "",
      "Source": "main"
    },
    {
      "Updated": "2025-05-02T04:35:12.618603+10:00",
      "Version": "25.2.3",
      "Name": "libreoffice",
      "Info": "",
      "Source": "extras"
    },
    {
      "Updated": "2024-07-26T21:16:34.6500713+10:00",
      "Version": "5.4.7-2",
      "Name": "lua",
      "Info": "",
      "Source": "main"
    },
    {
      "Updated": "2025-04-08T10:52:23.9084004+10:00",
      "Version": "3.14.0",
      "Name": "lua-language-server",
      "Info": "",
      "Source": "main"
    },
    {
      "Updated": "2024-06-03T20:37:16.3062498+10:00",
      "Version": "3.11.1",
      "Name": "luarocks",
      "Info": "",
      "Source": "main"
    },
    {
      "Updated": "2025-06-03T17:56:42.7427864+10:00",
      "Version": "0.10.0",
      "Name": "Mergiraf",
      "Info": "",
      "Source": "main"
    },
    {
      "Updated": "2025-05-25T14:38:03.042364+10:00",
      "Version": "1.8.1",
      "Name": "meson",
      "Info": "",
      "Source": "main"
    },
    {
      "Updated": "2024-10-30T23:09:33.0002203+11:00",
      "Version": "2.0.14",
      "Name": "micro",
      "Info": "",
      "Source": "main"
    },
    {
      "Updated": "2025-05-13T15:51:50.5162429+10:00",
      "Version": "6.13.0",
      "Name": "miller",
      "Info": "",
      "Source": "main"
    },
    {
      "Updated": "2024-10-22T21:52:17.5801916+11:00",
      "Version": "14.2.0-19.1.1-12.0.0-r2",
      "Name": "mingw-winlibs-llvm-ucrt",
      "Info": "",
      "Source": "versions"
    },
    {
      "Updated": "2025-06-03T17:56:45.5913498+10:00",
      "Version": "2025.6.0",
      "Name": "mise",
      "Info": "",
      "Source": "main"
    },
    {
      "Updated": "2024-01-31T01:04:17.5669972+11:00",
      "Version": "7.1.0",
      "Name": "neofetch",
      "Info": "",
      "Source": "main"
    },
    {
      "Updated": "2025-04-03T15:38:41.0086585+11:00",
      "Version": "0.15.0",
      "Name": "neovide",
      "Info": "",
      "Source": "extras"
    },
    {
      "Updated": "2025-05-31T22:03:03.0642761+10:00",
      "Version": "0.11.2",
      "Name": "neovim",
      "Info": "",
      "Source": "main"
    },
    {
      "Updated": "2025-05-22T07:03:45.7574591+10:00",
      "Version": "24.1.0",
      "Name": "nodejs",
      "Info": "",
      "Source": "main"
    },
    {
      "Updated": "2025-05-05T16:30:24.656517+10:00",
      "Version": "8.8.1",
      "Name": "notepadplusplus",
      "Info": "",
      "Source": "extras"
    },
    {
      "Updated": "2025-05-24T15:25:54.4006683+10:00",
      "Version": "0.104.1",
      "Name": "nu",
      "Info": "",
      "Source": "main"
    },
    {
      "Updated": "2025-05-18T18:09:25.7147099+10:00",
      "Version": "6.14.0",
      "Name": "nuget",
      "Info": "",
      "Source": "main"
    },
    {
      "Updated": "2025-04-19T17:35:22.3031909+10:00",
      "Version": "9.8.3.0p2",
      "Name": "openssh",
      "Info": "",
      "Source": "main"
    },
    {
      "Updated": "2025-04-11T03:02:55.2603004+10:00",
      "Version": "3.5.0",
      "Name": "openssl",
      "Info": "",
      "Source": "main"
    },
    {
      "Updated": "2025-05-30T08:26:22.9270898+10:00",
      "Version": "3.7.0.2",
      "Name": "pandoc",
      "Info": "",
      "Source": "main"
    },
    {
      "Updated": "2025-02-24T04:33:31.5027029+11:00",
      "Version": "0.26-1",
      "Name": "pkg-config",
      "Info": "",
      "Source": "main"
    },
    {
      "Updated": "2024-10-07T23:09:23.7211598+11:00",
      "Version": "24.08.0-0",
      "Name": "poppler",
      "Info": "",
      "Source": "main"
    },
    {
      "Updated": "2025-04-23T13:43:05.0744034+10:00",
      "Version": "16",
      "Name": "prince",
      "Info": "",
      "Source": "main"
    },
    {
      "Updated": "2025-05-24T12:55:41.735717+10:00",
      "Version": "2.6.7",
      "Name": "psfzf",
      "Info": "",
      "Source": "extras"
    },
    {
      "Updated": "2025-04-09T11:00:32.9741322+10:00",
      "Version": "3.13.3",
      "Name": "python",
      "Info": "",
      "Source": "main"
    },
    {
      "Updated": "2023-12-27T04:02:04.4638254+11:00",
      "Version": "3.10.11",
      "Name": "python310",
      "Info": "",
      "Source": "versions"
    },
    {
      "Updated": "2024-04-03T22:12:51.662719+11:00",
      "Version": "3.11.9",
      "Name": "python311",
      "Info": "",
      "Source": "versions"
    },
    {
      "Updated": "2025-05-22T01:32:03.8348205+10:00",
      "Version": "3.5.0",
      "Name": "qutebrowser",
      "Info": "",
      "Source": "extras"
    },
    {
      "Updated": "2024-09-09T21:24:05.2959778+10:00",
      "Version": "14.1.1",
      "Name": "ripgrep",
      "Info": "",
      "Source": "main"
    },
    {
      "Updated": "2025-02-25T11:06:39.9439088+11:00",
      "Version": "0.10.0",
      "Name": "sccache",
      "Info": "",
      "Source": "main"
    },
    {
      "Updated": "2025-05-28T14:50:50.8811373+10:00",
      "Version": "1.0.0",
      "Name": "sd",
      "Info": "",
      "Source": "main"
    },
    {
      "Updated": "2025-06-03T17:56:51.9229868+10:00",
      "Version": "2.32.8",
      "Name": "sdl2",
      "Info": "",
      "Source": "extras"
    },
    {
      "Updated": "2025-02-24T04:22:42.6067405+11:00",
      "Version": "2.24.0",
      "Name": "sdl2-ttf",
      "Info": "",
      "Source": "extras"
    },
    {
      "Updated": "2023-09-08T01:42:38.5134386+10:00",
      "Version": "4.9",
      "Name": "sed",
      "Info": "",
      "Source": "main"
    },
    {
      "Updated": "2025-05-30T08:26:25.5534648+10:00",
      "Version": "3.50.0",
      "Name": "sqlite",
      "Info": "",
      "Source": "main"
    },
    {
      "Updated": "2025-04-29T08:38:28.2092364+10:00",
      "Version": "1.23.0",
      "Name": "starship",
      "Info": "",
      "Source": "main"
    },
    {
      "Updated": "2025-06-03T17:56:53.8484042+10:00",
      "Version": "2.24.3",
      "Name": "supabase",
      "Info": "",
      "Source": "main"
    },
    {
      "Updated": "2025-05-22T07:03:47.6411805+10:00",
      "Version": "2.3.3",
      "Name": "surrealdb",
      "Info": "",
      "Source": "main"
    },
    {
      "Updated": "2025-04-20T22:39:48.603409+10:00",
      "Version": "1.7.2",
      "Name": "tealdeer",
      "Info": "",
      "Source": "main"
    },
    {
      "Updated": "2025-04-23T13:47:06.7354055+10:00",
      "Version": "0.15.0",
      "Name": "tectonic",
      "Info": "",
      "Source": "main"
    },
    {
      "Updated": "2025-04-22T16:06:16.1767855+10:00",
      "Version": "0.11.9",
      "Name": "television",
      "Info": "",
      "Source": "extras"
    },
    {
      "Updated": "2024-09-26T23:13:53.5299259+10:00",
      "Version": "12.1.2",
      "Name": "tokei",
      "Info": "",
      "Source": "main"
    },
    {
      "Updated": "2025-05-28T16:21:51.9607611+10:00",
      "Version": "0.25.5",
      "Name": "tree-sitter",
      "Info": "",
      "Source": "main"
    },
    {
      "Updated": "2025-04-23T13:54:09.7826701+10:00",
      "Version": "0.13.1",
      "Name": "typst",
      "Info": "",
      "Source": "main"
    },
    {
      "Updated": "2024-01-01T10:50:53.8672311+11:00",
      "Version": "6.1.0",
      "Name": "universal-ctags",
      "Info": "",
      "Source": "extras"
    },
    {
      "Updated": "2023-11-11T18:52:39.1540218+11:00",
      "Version": "1.0",
      "Name": "upm",
      "Info": "",
      "Source": "main"
    },
    {
      "Updated": "2025-05-30T08:27:00.1778844+10:00",
      "Version": "14.44.35208.0",
      "Name": "vcredist2022",
      "Info": "",
      "Source": "extras"
    },
    {
      "Updated": "2025-04-14T15:33:17.4739441+10:00",
      "Version": "1.5.6",
      "Name": "vesktop",
      "Info": "",
      "Source": "extras"
    },
    {
      "Updated": "2024-10-27T14:37:52.7705666+11:00",
      "Version": "3.0.21",
      "Name": "vlc",
      "Info": "",
      "Source": "extras"
    },
    {
      "Updated": "2024-10-22T22:40:12.892604+11:00",
      "Version": "20240203-110809-5046fc22",
      "Name": "wezterm",
      "Info": "",
      "Source": "extras"
    },
    {
      "Updated": "2023-11-21T16:47:10.6266107+11:00",
      "Version": "1.21.4",
      "Name": "wget",
      "Info": "",
      "Source": "main"
    },
    {
      "Updated": "2024-05-10T21:36:48.2368438+10:00",
      "Version": "0.1.1",
      "Name": "win32yank",
      "Info": "",
      "Source": "main"
    },
    {
      "Updated": "2025-04-26T23:05:57.8622174+10:00",
      "Version": "0.12.6-1",
      "Name": "wkhtmltopdf",
      "Info": "",
      "Source": "main"
    },
    {
      "Updated": "2024-09-26T23:13:50.6228243+10:00",
      "Version": "0.13.0",
      "Name": "xsv",
      "Info": "",
      "Source": "main"
    },
    {
      "Updated": "2025-06-02T16:14:47.1220445+10:00",
      "Version": "d5038ee",
      "Name": "yazi-nightly",
      "Info": "",
      "Source": "versions"
    },
    {
      "Updated": "2025-04-09T02:01:07.3850409+10:00",
      "Version": "2025-08-04",
      "Name": "zed-nightly",
      "Info": "",
      "Source": "versions"
    },
    {
      "Updated": "2025-05-26T20:08:46.2163926+10:00",
      "Version": "0.14.1",
      "Name": "zig",
      "Info": "",
      "Source": "main"
    },
    {
      "Updated": "2025-04-10T13:32:02.2497929+10:00",
      "Version": "0.14.0",
      "Name": "zls",
      "Info": "",
      "Source": "main"
    },
    {
      "Updated": "2025-05-28T11:08:21.7672058+10:00",
      "Version": "0.9.8",
      "Name": "zoxide",
      "Info": "",
      "Source": "main"
    }
  ],
  "buckets": [
    {
      "Name": "main",
      "Source": "https://github.com/ScoopInstaller/Main.git",
      "Updated": "2025-06-03T14:30:42+10:00",
      "Manifests": 1389
    },
    {
      "Name": "extras",
      "Source": "https://github.com/ScoopInstaller/Extras",
      "Updated": "2025-06-03T14:29:38+10:00",
      "Manifests": 2166
    },
    {
      "Name": "versions",
      "Source": "https://github.com/ScoopInstaller/Versions",
      "Updated": "2025-06-03T14:46:27+10:00",
      "Manifests": 500
    },
    {
      "Name": "sysinternals",
      "Source": "https://github.com/niheaven/scoop-sysinternals",
      "Updated": "2025-05-06T12:16:49+10:00",
      "Manifests": 75
    }
  ]
}